label,metaGroupId,groupId,goodPeakCount,medMz,medRt,maxQuality,isotopeLabel,compound,compoundId,formula,expectedRtDiff,ppmDiff,parent,TIGAR_3,TIGAR_2,TIGAR_1_180419223055,TIGAR_1
,0,1,4,167.0213,7.458904,0.8386561,C12 PARENT,Uric acid,C00366,C5H4N4O3,1.288904,1.553094,167.0213,4933.359,4599.713,3921.822,4633.9
,0,2,0,169.0335,7.473128,0.1802049,D2-label-2,Uric acid,C00366,C5H4N4O3,1.303128,0.7221659,167.0213,2395.008,2754.71,0,2896.339
,0,3,0,170.0394,7.479484,0.1594718,D2-label-3,Uric acid,C00366,C5H4N4O3,1.309484,2.692096,167.0213,2407.388,0,0,0
